[
    {
        "id": 1,
        "action": {
            "type": "redirect",
            "redirect": {
                "url": "https://www.tucan.tu-darmstadt.de/scripts/mgrqispi.dll?APPNAME=CampusNet&PRGNAME=EXTERNALPAGES&ARGUMENTS=-N000000000000001,-N000344,-Awelcome"
            }
        },
        "condition": {
            "resourceTypes": [
                "main_frame"
            ],
            "urlFilter": "|https://www.tucan.tu-darmstadt.de/|"
        }
    },
    {
        "id": 2,
        "action": {
            "type": "redirect",
            "redirect": {
                "url": "https://www.tucan.tu-darmstadt.de/scripts/mgrqispi.dll?APPNAME=CampusNet&PRGNAME=EXTERNALPAGES&ARGUMENTS=-N000000000000001,-N000344,-Awelcome"
            }
        },
        "condition": {
            "resourceTypes": [
                "main_frame"
            ],
            "urlFilter": "|https://www.tucan.tu-darmstadt.de/scripts/mgrqispi.dll?APPNAME=CampusNet&PRGNAME=STARTPAGE_DISPATCH&ARGUMENTS=-N000000000000001|"
        }
    },
    {
        "id": 3,
        "action": {
            "type": "redirect",
            "redirect": {
                "regexSubstitution": "https://www.tucan.tu-darmstadt.de/scripts/mgrqispi.dll?APPNAME=CampusNet&PRGNAME=MLSSTART&ARGUMENTS=-N\\1,-N000019,"
            }
        },
        "condition": {
            "regexFilter": "^https://www\\.tucan\\.tu-darmstadt\\.de/scripts/mgrqispi\\.dll\\?APPNAME=CampusNet&PRGNAME=STARTPAGE_DISPATCH&ARGUMENTS=-N(\\d+),-N000019,-N000000000000000",
            "resourceTypes": [
                "main_frame"
            ]
        }
    }
]